<?xml version="1.0"?>
<Runs Version="1" Minor="0">
	<Run Id="ROM3_dist_mem_gen_0_0_synth_1" LaunchDir="/home/nemo/Documents/Dis_Sis_Dig/VGA_Video/VGA_Video.runs/ROM3_dist_mem_gen_0_0_synth_1" FlowId="Vivado_Synthesis" FromStepId="vivado" ToStepId="vivado"/>
	<Run Id="ROM2_dist_mem_gen_0_0_synth_1" LaunchDir="/home/nemo/Documents/Dis_Sis_Dig/VGA_Video/VGA_Video.runs/ROM2_dist_mem_gen_0_0_synth_1" FlowId="Vivado_Synthesis" FromStepId="vivado" ToStepId="vivado"/>
	<Run Id="synth_1" LaunchDir="/home/nemo/Documents/Dis_Sis_Dig/VGA_Video/VGA_Video.runs/synth_1" FlowId="Vivado_Synthesis" FromStepId="vivado" ToStepId="vivado">
		<Parent Id="ROM3_dist_mem_gen_0_0_synth_1"/>
		<Parent Id="ROM2_dist_mem_gen_0_0_synth_1"/>
	</Run>
	<Parameters>
		<Parameter Name="runs.monitorLSFJobs" Val="true" Type="bool"/>
		<Parameter Name="runs.enableClusterConf" Val="true" Type="bool"/>
	</Parameters>
</Runs>

