<?xml version="1.0" encoding="UTF-8"?>
<GenRun Id="impl_1" LaunchPart="xc7a35tcpg236-1" LaunchTime="1686297998">
  <File Type="RCFI_FILE" Name="top_VGA_image.rcfi"/>
  <File Type="POSTROUTE-PHYSOPT-BLACKBOX-DCP" Name="top_VGA_image_postroute_physopt_bb.dcp"/>
  <File Type="POSTROUTE-PHYSOPT-DCP" Name="top_VGA_image_postroute_physopt.dcp"/>
  <File Type="PHYSOPT-DCP" Name="top_VGA_image_physopt.dcp"/>
  <File Type="POSTPLACE-PWROPT-DCP" Name="top_VGA_image_postplace_pwropt.dcp"/>
  <File Type="PWROPT-DCP" Name="top_VGA_image_pwropt.dcp"/>
  <File Type="PLACE-DCP" Name="top_VGA_image_placed.dcp"/>
  <File Type="OPT-DCP" Name="top_VGA_image_opt.dcp"/>
  <File Type="BITSTR-LTX" Name="debug_nets.ltx"/>
  <File Type="BITSTR-LTX" Name="top_VGA_image.ltx"/>
  <File Type="BITSTR-SYSDEF" Name="top_VGA_image.sysdef"/>
  <File Type="BITSTR-MMI" Name="top_VGA_image.mmi"/>
  <File Type="BITSTR-BMM" Name="top_VGA_image_bd.bmm"/>
  <File Type="BITSTR-NKY" Name="top_VGA_image.nky"/>
  <File Type="BITSTR-RBT" Name="top_VGA_image.rbt"/>
  <File Type="REPORTS-TCL" Name="top_VGA_image_reports.tcl"/>
  <File Type="RBD_FILE" Name="top_VGA_image.rbd"/>
  <File Type="BITSTR-MSK" Name="top_VGA_image.msk"/>
  <File Type="PA-TCL" Name="top_VGA_image.tcl"/>
  <File Type="ROUTE-TIMING-PB" Name="top_VGA_image_timing_summary_routed.pb"/>
  <File Type="NPI_FILE" Name="top_VGA_image.npi"/>
  <File Type="BG-BIN" Name="top_VGA_image.bin"/>
  <File Type="RNPI_FILE" Name="top_VGA_image.rnpi"/>
  <File Type="BG-BGN" Name="top_VGA_image.bgn"/>
  <File Type="ROUTE-BLACKBOX-DCP" Name="top_VGA_image_routed_bb.dcp"/>
  <File Type="WBT-USG" Name="usage_statistics_webtalk.html"/>
  <File Type="RDI-RDI" Name="top_VGA_image.vdi"/>
  <File Type="CFI_FILE" Name="top_VGA_image.cfi"/>
  <File Type="BG-DRC" Name="top_VGA_image.drc"/>
  <File Type="ROUTE-ERROR-DCP" Name="top_VGA_image_routed_error.dcp"/>
  <File Type="PDI-FILE" Name="top_VGA_image.pdi"/>
  <File Type="BG-BIT" Name="top_VGA_image.bit"/>
  <File Type="OPT-HWDEF" Name="top_VGA_image.hwdef"/>
  <File Type="PLACE-PRE-SIMILARITY" Name="top_VGA_image_incremental_reuse_pre_placed.rpt"/>
  <File Type="ROUTE-DCP" Name="top_VGA_image_routed.dcp"/>
  <FileSet Name="sources" Type="DesignSrcs" RelSrcDir="$PSRCDIR/sources_1" RelGenDir="$PGENDIR/sources_1">
    <Filter Type="Srcs"/>
    <File Path="$PSRCDIR/sources_1/bd/ROM3/ROM3.bd">
      <FileInfo>
        <Attr Name="UsedIn" Val="synthesis"/>
        <Attr Name="UsedIn" Val="implementation"/>
        <Attr Name="UsedIn" Val="simulation"/>
      </FileInfo>
    </File>
    <File Path="$PSRCDIR/sources_1/bd/ROM2/ROM2.bd">
      <FileInfo>
        <Attr Name="UsedIn" Val="synthesis"/>
        <Attr Name="UsedIn" Val="implementation"/>
        <Attr Name="UsedIn" Val="simulation"/>
      </FileInfo>
    </File>
    <File Path="$PSRCDIR/sources_1/bd/ROM1/ROM1.bd">
      <FileInfo>
        <Attr Name="UsedIn" Val="synthesis"/>
        <Attr Name="UsedIn" Val="implementation"/>
        <Attr Name="UsedIn" Val="simulation"/>
      </FileInfo>
    </File>
    <File Path="$PGENDIR/sources_1/bd/ROM1/hdl/ROM1_wrapper.v">
      <FileInfo>
        <Attr Name="UsedIn" Val="synthesis"/>
        <Attr Name="UsedIn" Val="implementation"/>
        <Attr Name="UsedIn" Val="simulation"/>
      </FileInfo>
    </File>
    <File Path="$PGENDIR/sources_1/bd/ROM2/hdl/ROM2_wrapper.v">
      <FileInfo>
        <Attr Name="UsedIn" Val="synthesis"/>
        <Attr Name="UsedIn" Val="implementation"/>
        <Attr Name="UsedIn" Val="simulation"/>
      </FileInfo>
    </File>
    <File Path="$PGENDIR/sources_1/bd/ROM3/hdl/ROM3_wrapper.v">
      <FileInfo>
        <Attr Name="UsedIn" Val="synthesis"/>
        <Attr Name="UsedIn" Val="implementation"/>
        <Attr Name="UsedIn" Val="simulation"/>
      </FileInfo>
    </File>
    <File Path="$PSRCDIR/sources_1/imports/sources_1/new/Position.vhd">
      <FileInfo>
        <Attr Name="ImportPath" Val="$PPRDIR/../../../VGA_image/VGA_image.srcs/sources_1/new/Position.vhd"/>
        <Attr Name="ImportTime" Val="1684970083"/>
        <Attr Name="UsedIn" Val="synthesis"/>
        <Attr Name="UsedIn" Val="simulation"/>
      </FileInfo>
    </File>
    <File Path="$PSRCDIR/sources_1/imports/Digitales/clkdiv.vhd">
      <FileInfo>
        <Attr Name="ImportPath" Val="$PPRDIR/../../../VGA_image/VGA_image.srcs/sources_1/imports/vhdl/Iniciales/Iniciales.srcs/sources_1/imports/Digitales/clkdiv.vhd"/>
        <Attr Name="ImportTime" Val="1640911192"/>
        <Attr Name="UsedIn" Val="synthesis"/>
        <Attr Name="UsedIn" Val="simulation"/>
      </FileInfo>
    </File>
    <File Path="$PSRCDIR/sources_1/imports/sources_1/imports/vhdl/vga_640x480.vhd">
      <FileInfo>
        <Attr Name="ImportPath" Val="$PPRDIR/../../../VGA_image/VGA_image.srcs/sources_1/imports/vhdl/vga_640x480.vhd"/>
        <Attr Name="ImportTime" Val="1682823655"/>
        <Attr Name="UsedIn" Val="synthesis"/>
        <Attr Name="UsedIn" Val="simulation"/>
      </FileInfo>
    </File>
    <File Path="$PSRCDIR/sources_1/imports/sources_1/imports/Digitales/vga_initials.vhd">
      <FileInfo>
        <Attr Name="ImportPath" Val="$PPRDIR/../../../VGA_image/VGA_image.srcs/sources_1/imports/Digitales/vga_initials.vhd"/>
        <Attr Name="ImportTime" Val="1684901455"/>
        <Attr Name="UsedIn" Val="synthesis"/>
        <Attr Name="UsedIn" Val="simulation"/>
      </FileInfo>
    </File>
    <File Path="$PSRCDIR/sources_1/imports/sources_1/new/top_VGA_image.vhd">
      <FileInfo>
        <Attr Name="ImportPath" Val="$PPRDIR/../../../VGA_image/VGA_image.srcs/sources_1/new/top_VGA_image.vhd"/>
        <Attr Name="ImportTime" Val="1684901677"/>
        <Attr Name="UsedIn" Val="synthesis"/>
        <Attr Name="UsedIn" Val="simulation"/>
      </FileInfo>
    </File>
    <File Path="$PSRCDIR/sources_1/imports/sources_1/imports/new/reloj.vhd">
      <FileInfo>
        <Attr Name="AutoDisabled" Val="1"/>
        <Attr Name="ImportPath" Val="$PPRDIR/../../../VGA_image/VGA_image.srcs/sources_1/imports/new/reloj.vhd"/>
        <Attr Name="ImportTime" Val="1680094774"/>
        <Attr Name="UsedIn" Val="synthesis"/>
        <Attr Name="UsedIn" Val="simulation"/>
      </FileInfo>
    </File>
    <File Path="$PPRDIR/../../../fondo.coe">
      <FileInfo>
        <Attr Name="UsedIn" Val="synthesis"/>
        <Attr Name="UsedIn" Val="simulation"/>
      </FileInfo>
    </File>
    <File Path="$PSRCDIR/sources_1/bd/RAM/RAM.bd">
      <FileInfo>
        <Attr Name="UserDisabled" Val="1"/>
        <Attr Name="UsedIn" Val="synthesis"/>
        <Attr Name="UsedIn" Val="implementation"/>
        <Attr Name="UsedIn" Val="simulation"/>
      </FileInfo>
    </File>
    <File Path="$PPRDIR/../steve.coe">
      <FileInfo>
        <Attr Name="UsedIn" Val="synthesis"/>
        <Attr Name="UsedIn" Val="simulation"/>
      </FileInfo>
    </File>
    <File Path="$PPRDIR/../zombie1.coe">
      <FileInfo>
        <Attr Name="UsedIn" Val="synthesis"/>
        <Attr Name="UsedIn" Val="simulation"/>
      </FileInfo>
    </File>
    <File Path="$PPRDIR/../zombie2.coe">
      <FileInfo>
        <Attr Name="UsedIn" Val="synthesis"/>
        <Attr Name="UsedIn" Val="simulation"/>
      </FileInfo>
    </File>
    <Config>
      <Option Name="DesignMode" Val="RTL"/>
      <Option Name="TopModule" Val="top_VGA_image"/>
      <Option Name="TopAutoSet" Val="TRUE"/>
    </Config>
  </FileSet>
  <FileSet Name="constrs_in" Type="Constrs" RelSrcDir="$PSRCDIR/constrs_1">
    <Filter Type="Constrs"/>
    <File Path="$PSRCDIR/constrs_1/imports/vhdl/Basys3_Master.xdc">
      <FileInfo>
        <Attr Name="ImportPath" Val="$PPRDIR/../../../VGA_image/VGA_image.srcs/constrs_1/imports/vhdl/Basys3_Master.xdc"/>
        <Attr Name="ImportTime" Val="1684910341"/>
        <Attr Name="UsedIn" Val="synthesis"/>
        <Attr Name="UsedIn" Val="implementation"/>
      </FileInfo>
    </File>
    <Config>
      <Option Name="ConstrsType" Val="XDC"/>
    </Config>
  </FileSet>
  <FileSet Name="utils" Type="Utils" RelSrcDir="$PSRCDIR/utils_1">
    <Filter Type="Utils"/>
    <File Path="$PSRCDIR/utils_1/imports/synth_1/top_VGA_image.dcp">
      <FileInfo>
        <Attr Name="UsedIn" Val="synthesis"/>
        <Attr Name="UsedIn" Val="implementation"/>
        <Attr Name="UsedInSteps" Val="synth_1"/>
        <Attr Name="AutoDcp" Val="1"/>
      </FileInfo>
    </File>
    <Config>
      <Option Name="TopAutoSet" Val="TRUE"/>
    </Config>
  </FileSet>
  <Strategy Version="1" Minor="2">
    <StratHandle Name="Vivado Implementation Defaults" Flow="Vivado Implementation 2021">
      <Desc>Default settings for Implementation.</Desc>
    </StratHandle>
    <Step Id="init_design"/>
    <Step Id="opt_design"/>
    <Step Id="power_opt_design"/>
    <Step Id="place_design"/>
    <Step Id="post_place_power_opt_design"/>
    <Step Id="phys_opt_design"/>
    <Step Id="route_design"/>
    <Step Id="post_route_phys_opt_design"/>
    <Step Id="write_bitstream">
      <Option Id="BinFile">1</Option>
    </Step>
  </Strategy>
  <BlockFileSet Type="BlockSrcs" Name="ROM1_dist_mem_gen_0_0"/>
  <BlockFileSet Type="BlockSrcs" Name="ROM2_dist_mem_gen_0_0"/>
  <BlockFileSet Type="BlockSrcs" Name="ROM3_dist_mem_gen_0_0"/>
</GenRun>
